{
    "rmse": 0.6404319733064288,
    "mae": 0.5199948242792309,
    "r2": 0.288932324779397
}