{
    "rmse": 0.7154972131322584,
    "mae": 0.5561314473017616,
    "r2": 0.2039250492090583
}